Phoneme,Silence,Stop,Nasal,Fricative,Approximant,Vowel,Labial,Dental,Alveolar,Postalveolar,Palatal,Velar,Glottal,Front,Central,Back,Voiced,Voiceless,,,,,,,,,,,,,,,,,,,,,,,,,
GA,1,0,0,0,0,0,0,0,0,0,0,0,0,0,0,0,0,0,,,,,,,,,,,,,,,,,,,,,,,,,
SP,1,0,0,0,0,0,0,0,0,0,0,0,0,0,0,0,0,0,,,,,,,,,,,,,,,,,,,,,,,,,
SIL,1,0,0,0,0,0,0,0,0,0,0,0,0,0,0,0,0,0,,,,,,,,,,,,,,,,,,,,,,,,,
B,0,1,0,0,0,0,1,0,0,0,0,0,0,0,0,0,1,0,,,,,,,,,,,,,,,,,,,,,,,,,
CH,0,0,0,1,0,0,0,0,0,1,0,0,0,0,0,0,0,1,,,,,,,,,,,,,,,,,,,,,,,,,
D,0,1,0,0,0,0,0,0,1,0,0,0,0,0,0,0,1,0,,,,,,,,,,,,,,,,,,,,,,,,,
DH,0,0,0,1,0,0,0,1,0,0,0,0,0,0,0,0,1,0,,,,,,,,,,,,,,,,,,,,,,,,,
DX,0,0,0,0,1,0,0,0,1,0,0,0,0,0,0,0,0,1,,,,,,,,,,,,,,,,,,,,,,,,,
EL,0,0,0,0,1,0,0,0,1,0,0,0,0,0,0,0,1,0,,,,,,,,,,,,,,,,,,,,,,,,,
EM,0,0,1,0,0,0,1,0,0,0,0,0,0,0,0,0,1,0,,,,,,,,,,,,,,,,,,,,,,,,,
EN,0,0,1,0,0,0,0,0,1,0,0,0,0,0,0,0,1,0,,,,,,,,,,,,,,,,,,,,,,,,,
F,0,0,0,1,0,0,1,0,0,0,0,0,0,0,0,0,0,1,,,,,,,,,,,,,,,,,,,,,,,,,
G,0,1,0,0,0,0,0,0,0,0,0,1,0,0,0,0,1,0,,,,,,,,,,,,,,,,,,,,,,,,,
HH,0,0,0,1,0,0,0,0,0,0,0,0,1,0,0,0,0,1,,,,,,,,,,,,,,,,,,,,,,,,,
JH,0,0,0,1,0,0,0,0,0,1,0,0,0,0,0,0,1,0,,,,,,,,,,,,,,,,,,,,,,,,,
K,0,1,0,0,0,0,0,0,0,0,0,1,0,0,0,0,0,1,,,,,,,,,,,,,,,,,,,,,,,,,
L,0,0,0,0,1,0,0,0,1,0,0,0,0,0,0,0,1,0,,,,,,,,,,,,,,,,,,,,,,,,,
M,0,0,1,0,0,0,1,0,0,0,0,0,0,0,0,0,1,0,,,,,,,,,,,,,,,,,,,,,,,,,
N,0,0,1,0,0,0,0,0,1,0,0,0,0,0,0,0,1,0,,,,,,,,,,,,,,,,,,,,,,,,,
NG,0,0,1,0,0,0,0,0,0,0,0,1,0,0,0,0,1,0,,,,,,,,,,,,,,,,,,,,,,,,,
NX,0,0,1,0,0,0,0,0,1,0,0,0,0,0,0,0,1,0,,,,,,,,,,,,,,,,,,,,,,,,,
P,0,1,0,0,0,0,1,0,0,0,0,0,0,0,0,0,0,1,,,,,,,,,,,,,,,,,,,,,,,,,
Q,0,1,0,0,0,0,0,0,0,0,0,0,1,0,0,0,0,1,,,,,,,,,,,,,,,,,,,,,,,,,
R,0,0,0,0,1,0,0,0,1,0,0,0,0,0,0,0,1,0,,,,,,,,,,,,,,,,,,,,,,,,,
S,0,0,0,1,0,0,0,0,1,0,0,0,0,0,0,0,0,1,,,,,,,,,,,,,,,,,,,,,,,,,
SH,0,0,0,1,0,0,0,0,0,1,0,0,0,0,0,0,0,1,,,,,,,,,,,,,,,,,,,,,,,,,
T,0,1,0,0,0,0,0,0,1,0,0,0,0,0,0,0,0,1,,,,,,,,,,,,,,,,,,,,,,,,,
TH,0,0,0,1,0,0,0,1,0,0,0,0,0,0,0,0,0,1,,,,,,,,,,,,,,,,,,,,,,,,,
V,0,0,0,1,0,0,1,0,0,0,0,0,0,0,0,0,1,0,,,,,,,,,,,,,,,,,,,,,,,,,
W,0,0,0,0,1,0,0,0,0,0,0,1,0,0,0,0,1,0,,,,,,,,,,,,,,,,,,,,,,,,,
WH,0,0,0,0,1,0,0,0,0,0,0,1,0,0,0,0,1,0,,,,,,,,,,,,,,,,,,,,,,,,,
Y,0,0,0,0,1,0,0,0,0,0,1,0,0,0,0,0,1,0,,,,,,,,,,,,,,,,,,,,,,,,,
Z,0,0,0,1,0,0,0,0,1,0,0,0,0,0,0,0,1,0,,,,,,,,,,,,,,,,,,,,,,,,,
ZH,0,0,0,1,0,0,0,0,0,1,0,0,0,0,0,0,1,0,,,,,,,,,,,,,,,,,,,,,,,,,
AA,0,0,0,0,0,1,0,0,0,0,0,0,0,0,0,1,1,0,,,,,,,,,,,,,,,,,,,,,,,,,
AE,0,0,0,0,0,1,0,0,0,0,0,0,0,1,0,0,1,0,,,,,,,,,,,,,,,,,,,,,,,,,
AH,0,0,0,0,0,1,0,0,0,0,0,0,0,0,1,0,1,0,,,,,,,,,,,,,,,,,,,,,,,,,
AO,0,0,0,0,0,1,0,0,0,0,0,0,0,0,0,1,1,0,,,,,,,,,,,,,,,,,,,,,,,,,
AW,0,0,0,0,0,1,0,0,0,0,0,0,0,0,0,1,1,0,,,,,,,,,,,,,,,,,,,,,,,,,
AX,0,0,0,0,0,1,0,0,0,0,0,0,0,0,1,0,1,0,,,,,,,,,,,,,,,,,,,,,,,,,
AY,0,0,0,0,0,1,0,0,0,0,0,0,0,1,1,0,1,0,,,,,,,,,,,,,,,,,,,,,,,,,
EH,0,0,0,0,0,1,0,0,0,0,0,0,0,1,0,0,1,0,,,,,,,,,,,,,,,,,,,,,,,,,
ER,0,0,0,0,0,1,0,0,0,0,0,0,0,0,1,0,1,0,,,,,,,,,,,,,,,,,,,,,,,,,
EY,0,0,0,0,0,1,0,0,0,0,0,0,0,1,0,0,1,0,,,,,,,,,,,,,,,,,,,,,,,,,
IH,0,0,0,0,0,1,0,0,0,0,0,0,0,1,0,0,1,0,,,,,,,,,,,,,,,,,,,,,,,,,
IX,0,0,0,0,0,1,0,0,0,0,0,0,0,0,1,0,1,0,,,,,,,,,,,,,,,,,,,,,,,,,
IY,0,0,0,0,0,1,0,0,0,0,0,0,0,1,0,0,1,0,,,,,,,,,,,,,,,,,,,,,,,,,
OW,0,0,0,0,0,1,0,0,0,0,0,0,0,0,0,1,1,0,,,,,,,,,,,,,,,,,,,,,,,,,
OY,0,0,0,0,0,1,0,0,0,0,0,0,0,1,0,1,1,0,,,,,,,,,,,,,,,,,,,,,,,,,
UH,0,0,0,0,0,1,0,0,0,0,0,0,0,0,0,1,1,0,,,,,,,,,,,,,,,,,,,,,,,,,
UW,0,0,0,0,0,1,0,0,0,0,0,0,0,0,0,1,1,0,,,,,,,,,,,,,,,,,,,,,,,,,
UX,0,0,0,0,0,1,0,0,0,0,0,0,0,0,1,0,1,0,,,,,,,,,,,,,,,,,,,,,,,,,
,,,,,,,,,,,,,,,,,,,,,,,,,,,,,,,,,,,,,,,,,,,
,,,,,,,,,,,,,,,,,,,,,,,,,,,,,,,,,,,,,,,,,,,
,,,,,,,,,,,,,,,,,,,,,,,,,,,,,,,,,,,,,,,,,,,
,,,,,,,,,,,,,,,,,,,,,,,,,,,,,,,,,,,,,,,,,,,
,,,,,,,,,,,,,,,,,,,,,,,,,,,,,,,,,,,,,,,,,,,
,,,,,,,,,,,,,,,,,,,,,,,,,,,,,,,,,,,,,,,,,,,
,,,,,,,,,,,,,,,,,,,,,,,,,,,,,,,,,,,,,,,,,,,
,,,,,,,,,,,,,,,,,,,,,,,,,,,,,,,,,,,,,,,,,,,
,,,,,,,,,,,,,,,,,,,,,,,,,,,,,,,,,,,,,,,,,,,
,,,,,,,,,,,,,,,,,,,,,,,,,,,,,,,,,,,,,,,,,,,
,,,,,,,,,,,,,,,,,,,,,,,,,,,,,,,,,,,,,,,,,,,
,,,,,,,,,,,,,,,,,,,,,,,,,,,,,,,,,,,,,,,,,,,
,,,,,,,,,,,,,,,,,,,,,,,,,,,,,,,,,,,,,,,,,,,
,,,,,,,,,,,,,,,,,,,,,,,,,,,,,,,,,,,,,,,,,,,
,,,,,,,,,,,,,,,,,,,,,,,,,,,,,,,,,,,,,,,,,,,
,,,,,,,,,,,,,,,,,,,,,,,,,,,,,,,,,,,,,,,,,,,
,,,,,,,,,,,,,,,,,,,,,,,,,,,,,,,,,,,,,,,,,,,
,,,,,,,,,,,,,,,,,,,,,,,,,,,,,,,,,,,,,,,,,,,
,,,,,,,,,,,,,,,,,,,,,,,,,,,,,,,,,,,,,,,,,,,
,,,,,,,,,,,,,,,,,,,,,,,,,,,,,,,,,,,,,,,,,,,
,,,,,,,,,,,,,,,,,,,,,,,,,,,,,,,,,,,,,,,,,,,
,,,,,,,,,,,,,,,,,,,,,,,,,,,,,,,,,,,,,,,,,,,
,,,,,,,,,,,,,,,,,,,,,,,,,,,,,,,,,,,,,,,,,,,
,,,,,,,,,,,,,,,,,,,,,,,,,,,,,,,,,,,,,,,,,,,
,,,,,,,,,,,,,,,,,,,,,,,,,,,,,,,,,,,,,,,,,,,
,,,,,,,,,,,,,,,,,,,,,,,,,,,,,,,,,,,,,,,,,,,
,,,,,,,,,,,,,,,,,,,,,,,,,,,,,,,,,,,,,,,,,,,
,,,,,,,,,,,,,,,,,,,,,,,,,,,,,,,,,,,,,,,,,,,
,,,,,,,,,,,,,,,,,,,,,,,,,,,,,,,,,,,,,,,,,,,
,,,,,,,,,,,,,,,,,,,,,,,,,,,,,,,,,,,,,,,,,,,
,,,,,,,,,,,,,,,,,,,,,,,,,,,,,,,,,,,,,,,,,,,
,,,,,,,,,,,,,,,,,,,,,,,,,,,,,,,,,,,,,,,,,,,
,,,,,,,,,,,,,,,,,,,,,,,,,,,,,,,,,,,,,,,,,,,
,,,,,,,,,,,,,,,,,,,,,,,,,,,,,,,,,,,,,,,,,,,
,,,,,,,,,,,,,,,,,,,,,,,,,,,,,,,,,,,,,,,,,,,
,,,,,,,,,,,,,,,,,,,,,,,,,,,,,,,,,,,,,,,,,,,
,,,,,,,,,,,,,,,,,,,,,,,,,,,,,,,,,,,,,,,,,,,
,,,,,,,,,,,,,,,,,,,,,,,,,,,,,,,,,,,,,,,,,,,
,,,,,,,,,,,,,,,,,,,,,,,,,,,,,,,,,,,,,,,,,,,
,,,,,,,,,,,,,,,,,,,,,,,,,,,,,,,,,,,,,,,,,,,
,,,,,,,,,,,,,,,,,,,,,,,,,,,,,,,,,,,,,,,,,,,
,,,,,,,,,,,,,,,,,,,,,,,,,,,,,,,,,,,,,,,,,,,
